{
    "name": "The Louvre",
    "description": "The world's largest museum",
    "rating": 4.5,
    "official_site": "https://www.louvre.fr/en",
    "address": {
      "street": "75058 Paris",
      "city": "Paris",
      "state": "France",
      "zip": "75058"
    },
    "images": [
      {
        "url": "https://upload.wikimedia.org/wikipedia/commons/thumb/2/2d/Louvre_Pyramid_2012.jpg/1200px-Louvre_Pyramid_2012.jpg",
        "source": "Wikimedia Commons"
      },
      {
        "url": "https://upload.wikimedia.org/wikipedia/commons/thumb/2/2d/Louvre_Pyramid_2012.jpg/1200px-Louvre_Pyramid_2012.jpg",
        "source": "Wikimedia Commons"
      }
    ],
    "type": "museum",
    "classifications": [
      "art",
      "history"
    ]
  }